Identify,Street Number,Street Name,City,State,ZipCode
My Alamonte House,8901,ALAMONTE,Spring Grove,IL,60081
1,3002,MONTERRA,Spring Grove,IL,60081
2,3004,MONTERRA,Spring Grove,IL,60081
3,9011,CARMEL,Spring Grove,IL,60081
4,8920,TAHOE,Spring Grove,IL,60081
5,8910,TAHOE,Spring Grove,IL,60081
6,9003,CARMEL,Spring Grove,IL,60081
7,9002,CARMEL,Spring Grove,IL,60081
8,9010,CARMEL,Spring Grove,IL,60081
9,2903,TAHOE,Spring Grove,IL,60081
12,2819,TAHOE,Spring Grove,IL,60081
11,2813,TAHOE,Spring Grove,IL,60081
13,2805,TAHOE,Spring Grove,IL,60081
14,9013,TAHOE,Spring Grove,IL,60081
15,9005,TAHOE,Spring Grove,IL,60081
16,9001,TAHOE,Spring Grove,IL,60081
17,8919,TAHOE,Spring Grove,IL,60081
18,8911,TAHOE,Spring Grove,IL,60081
19,9009,TAHOE,Spring Grove,IL,60081
20,2902,TAHOE,Spring Grove,IL,60081
